method,alpha,metric,n_seeds,n_missing,mean,std,median,ci_low,ci_high
posthoc_latent,-1.5,skin_tone_change,29,1,-6.90468811204853,5.19625024433738,-8.411708829997153,-8.756508920546304,-5.024535317360711
posthoc_latent,-1.5,lightness_change,29,1,5.73486630500932,3.1916273992008963,5.740581462130521,4.585385332452897,6.881775125515247
posthoc_latent,-1.5,face_similarity,30,0,0.9731377243995664,0.01765001077145114,0.9804456830024715,0.9667489861945308,0.9789439455171425
posthoc_latent,-1.5,landmark_rmse,0,30,,,,,
posthoc_latent,-1.5,lpips,30,0,0.06505562638243,0.009565396368800844,0.06442856788635201,0.061659403244653854,0.0683889206964519
posthoc_latent,-1.5,background_ssim,30,0,0.9534349686348637,0.18051871528397875,0.9901565471595756,0.8848334252492704,0.9896677458618514
posthoc_latent,-1.5,overall_ssim,30,0,0.9238425878830197,0.018751467729150543,0.9250767338858426,0.9171425739425545,0.9303955922320526
posthoc_latent,-1.5,total_pose_diff,30,0,1.8125544966544516,1.1447018286134574,1.494250728685437,1.4512328486635142,2.2572529685893383
posthoc_latent,-1.0,skin_tone_change,30,0,-5.176580380571941,3.2476162034670453,-5.6693296792348775,-6.29622850890192,-4.008570415316834
posthoc_latent,-1.0,lightness_change,30,0,4.448344961268254,2.113729692957045,4.505001369838652,3.711286579799933,5.167292117711889
posthoc_latent,-1.0,face_similarity,30,0,0.9792152643203733,0.014388360067801476,0.9821641743183136,0.973947377403577,0.984002727816502
posthoc_latent,-1.0,landmark_rmse,0,30,,,,,
posthoc_latent,-1.0,lpips,30,0,0.03512177163114101,0.005591882436838733,0.03515690937638251,0.03313928258760483,0.037094034065181414
posthoc_latent,-1.0,background_ssim,30,0,0.9571216397790433,0.18100027942943547,0.9928101147625696,0.8890726159284541,0.9925508913159491
posthoc_latent,-1.0,overall_ssim,30,0,0.943051424408933,0.015115470150317792,0.9436125230365686,0.9376659539278106,0.9483781739755629
posthoc_latent,-1.0,total_pose_diff,30,0,1.7725493843257902,0.9843805270471627,1.514935530166855,1.4555215263498682,2.1381681514827977
posthoc_latent,-0.5,skin_tone_change,30,0,-2.890230367850066,1.7022207598983317,-2.988153714831995,-3.4826249656366204,-2.278252900253235
posthoc_latent,-0.5,lightness_change,30,0,2.627740296448756,1.2185502217381916,2.5550111950176766,2.2026193193048593,3.0393608136934187
posthoc_latent,-0.5,face_similarity,30,0,0.9883608400821683,0.012132732222066227,0.992246001958847,0.9837724982698758,0.9921300271153448
posthoc_latent,-0.5,landmark_rmse,0,30,,,,,
posthoc_latent,-0.5,lpips,30,0,0.011837949013957938,0.0024485050330517624,0.0116679663769895,0.010984667828306031,0.012724235462179495
posthoc_latent,-0.5,background_ssim,30,0,0.9617564384068547,0.18169857133059875,0.9960882116148155,0.8944801220030807,0.9960769833059906
posthoc_latent,-0.5,overall_ssim,30,0,0.9683416591247606,0.009107308109332376,0.9689435619967376,0.9650721410701427,0.971565443976633
posthoc_latent,-0.5,total_pose_diff,30,0,1.3616012906260628,1.0352091975814488,1.0108322166241654,1.017973534712464,1.7443485488493662
posthoc_latent,-0.25,skin_tone_change,30,0,-1.5685072801201456,1.1232625759044792,-1.535012276366096,-1.9663690592574996,-1.1753064392122485
posthoc_latent,-0.25,lightness_change,30,0,1.484390600795558,0.793250713317078,1.519666823655967,1.2080714665792076,1.756313642816456
posthoc_latent,-0.25,face_similarity,30,0,0.9960328817367551,0.005055867955001609,0.9975277185440061,0.9939534527560073,0.9974858510990935
posthoc_latent,-0.25,landmark_rmse,0,30,,,,,
posthoc_latent,-0.25,lpips,30,0,0.004366710673396367,0.0011978817622851456,0.004199273884296001,0.003954201547312106,0.0048108389684538
posthoc_latent,-0.25,background_ssim,30,0,0.9641885665221555,0.18211536785993235,0.9979922046960531,0.8973033537521531,0.9979199292348542
posthoc_latent,-0.25,overall_ssim,30,0,0.9845934046489113,0.004374203470436369,0.9852241205135845,0.983015997448705,0.9861358265772903
posthoc_latent,-0.25,total_pose_diff,30,0,0.9612497198661119,0.8334561093268067,0.8307123758505015,0.686180048977309,1.2723661516287013
posthoc_latent,0.0,skin_tone_change,30,0,0.0,0.0,0.0,0.0,0.0
posthoc_latent,0.0,lightness_change,30,0,0.0,0.0,0.0,0.0,0.0
posthoc_latent,0.0,face_similarity,30,0,1.0000000317891435,6.208782891853626e-08,1.0,1.000000011920929,1.0000000516573588
posthoc_latent,0.0,landmark_rmse,0,30,,,,,
posthoc_latent,0.0,lpips,30,0,0.0,0.0,0.0,0.0,0.0
posthoc_latent,0.0,background_ssim,30,0,0.9666666666666667,0.18257418583505533,1.0,0.9,1.0
posthoc_latent,0.0,overall_ssim,30,0,1.0,0.0,1.0,1.0,1.0
posthoc_latent,0.0,total_pose_diff,30,0,0.0,0.0,0.0,0.0,0.0
posthoc_latent,0.5,skin_tone_change,30,0,4.6402101504667606,2.3344519693437573,4.157875727427093,3.827338789826703,5.480567823561457
posthoc_latent,0.5,lightness_change,30,0,-4.170862973631679,1.499409279222325,-4.236778146522411,-4.699086311784702,-3.641854362420164
posthoc_latent,0.5,face_similarity,30,0,0.9904207348823545,0.007932728510951947,0.992804944515228,0.987442677170038,0.9929684401551879
posthoc_latent,0.5,landmark_rmse,0,30,,,,,
posthoc_latent,0.5,lpips,30,0,0.011353414210800834,0.0025458547707014065,0.0106985671445725,0.010473311622626524,0.012278043738721031
posthoc_latent,0.5,background_ssim,30,0,0.9615843681877838,0.18166905977160822,0.9959409279558507,0.8943225572425354,0.9959448241395715
posthoc_latent,0.5,overall_ssim,30,0,0.9650879392454682,0.009548033945860434,0.9657552713194371,0.9616688492267194,0.9684489209229311
posthoc_latent,0.5,total_pose_diff,30,0,1.295658821770558,1.1579028679768733,0.8767256236176095,0.9406182570793793,1.732752421849998
posthoc_latent,1.0,skin_tone_change,30,0,11.945617494024898,5.675414386005952,11.377536259903206,9.977177971339982,13.909021499741172
posthoc_latent,1.0,lightness_change,30,0,-10.338386769836237,3.5879892371655036,-11.122329763624265,-11.579561670753264,-9.052349162483512
posthoc_latent,1.0,face_similarity,30,0,0.9773368815581001,0.014081075950278906,0.9826796948909755,0.9720028475920357,0.9820267884929973
posthoc_latent,1.0,landmark_rmse,0,30,,,,,
posthoc_latent,1.0,lpips,30,0,0.03296844822665,0.004895091345004472,0.0322936028242105,0.03127363427852534,0.034726542336865646
posthoc_latent,1.0,background_ssim,30,0,0.9562282534667461,0.18086230006516907,0.9919886645919821,0.8881776205765939,0.991819705782079
posthoc_latent,1.0,overall_ssim,30,0,0.9315833366096985,0.016328857211793307,0.9313035360119086,0.925770012739002,0.9373400697936634
posthoc_latent,1.0,total_pose_diff,30,0,1.7560855988362443,0.9448119128167172,1.4667324503150017,1.4322550408334451,2.091790374960046
posthoc_latent,1.5,skin_tone_change,30,0,22.407935090761157,10.173069419270835,23.524590072175865,18.813008588557075,25.912537939599737
posthoc_latent,1.5,lightness_change,30,0,-17.73289276965278,5.224864302217709,-19.39978113231522,-19.506638693620122,-15.83868933647522
posthoc_latent,1.5,face_similarity,30,0,0.9634599526723223,0.022370108842338622,0.9711664319038386,0.9551619921624659,0.9710861907899377
posthoc_latent,1.5,landmark_rmse,0,30,,,,,
posthoc_latent,1.5,lpips,30,0,0.06271583127478711,0.008309291724281435,0.060901693999766505,0.059860524019846845,0.0656843321522073
posthoc_latent,1.5,background_ssim,30,0,0.9513581465714397,0.1802378375044265,0.9884707671028485,0.8826452146358353,0.9879593493027805
posthoc_latent,1.5,overall_ssim,30,0,0.9016918239387556,0.02044169575232886,0.9017730304963811,0.8944404946342607,0.9089319150824673
posthoc_latent,1.5,total_pose_diff,30,0,2.2528670510390945,1.401307154314788,1.8234077306595426,1.7782885585242825,2.7657690094070535
prompt_only,-2.0,skin_tone_change,30,0,-11.305000803947856,4.185457594879298,-11.000146331519357,-12.819970827720402,-9.894173678881097
prompt_only,-2.0,lightness_change,30,0,4.642588400957033,3.8673583315635947,4.043357864746966,3.32663101789354,6.011088141344378
prompt_only,-2.0,face_similarity,30,0,0.974695414304733,0.016458339854941526,0.979798853397369,0.968661269545555,0.980105714648962
prompt_only,-2.0,landmark_rmse,0,30,,,,,
prompt_only,-2.0,lpips,30,0,0.32280078728993705,0.10418643177041403,0.3384749293327325,0.28548154910405443,0.35846039620538517
prompt_only,-2.0,background_ssim,30,0,0.9086470245445522,0.17929967652124792,0.9518254197086471,0.8340799775285977,0.953655643669246
prompt_only,-2.0,overall_ssim,30,0,0.7768430164364438,0.0648076794098585,0.763291056280502,0.754144716326024,0.7996682961463638
prompt_only,-2.0,total_pose_diff,30,0,3.7101438961941096,2.3406612580803166,3.3193692027243036,2.9585465547940113,4.604622360723245
prompt_only,0.0,skin_tone_change,30,0,0.0,0.0,0.0,0.0,0.0
prompt_only,0.0,lightness_change,30,0,0.0,0.0,0.0,0.0,0.0
prompt_only,0.0,face_similarity,30,0,1.0000000317891435,6.208782891853626e-08,1.0,1.000000011920929,1.0000000516573588
prompt_only,0.0,landmark_rmse,0,30,,,,,
prompt_only,0.0,lpips,30,0,0.0,0.0,0.0,0.0,0.0
prompt_only,0.0,background_ssim,30,0,0.9666666666666667,0.18257418583505533,1.0,0.9,1.0
prompt_only,0.0,overall_ssim,30,0,1.0,0.0,1.0,1.0,1.0
prompt_only,0.0,total_pose_diff,30,0,0.0,0.0,0.0,0.0,0.0
prompt_only,0.2,skin_tone_change,30,0,3.1410523672873993,2.7964676674141837,3.0877808244267477,2.1191712394192823,4.078928907954514
prompt_only,0.2,lightness_change,30,0,0.021525476055972558,2.8055468498562126,0.043545743921164004,-0.9947096990782365,0.972317469802252
prompt_only,0.2,face_similarity,30,0,0.9809851984182991,0.011642359095390601,0.9820609092712396,0.9767199410001435,0.9848525811235106
prompt_only,0.2,landmark_rmse,0,30,,,,,
prompt_only,0.2,lpips,30,0,0.16459001724918637,0.09754800471496987,0.13331963121891,0.13143702853470993,0.19992546033735023
prompt_only,0.2,background_ssim,30,0,0.9320685656231391,0.17953238929494864,0.9751106179726946,0.860374705956518,0.9732457903737893
prompt_only,0.2,overall_ssim,30,0,0.8499418410768177,0.0666953356384889,0.8633562136910916,0.8258857648898608,0.8726820477035359
prompt_only,0.2,total_pose_diff,30,0,3.302988461185259,2.1723368095812927,2.622523724357667,2.590933036104318,4.106009487622703
stepwise_masked,-1.0,skin_tone_change,30,0,-7.241556142872004,4.749788891088579,-7.3369749795315435,-8.851219385888026,-5.565593726956319
stepwise_masked,-1.0,lightness_change,30,0,5.756868782308158,3.675635177629203,5.9500098603932585,4.439803722243285,7.002390007418232
stepwise_masked,-1.0,face_similarity,30,0,0.9711195508639016,0.01961211447647952,0.9801580011844631,0.963981866041819,0.9775586267809071
stepwise_masked,-1.0,landmark_rmse,0,30,,,,,
stepwise_masked,-1.0,lpips,30,0,0.17518656030297233,0.08904420662510917,0.155007183551788,0.14394083494941345,0.20686628503724874
stepwise_masked,-1.0,background_ssim,30,0,0.9310441324777947,0.1790514436324958,0.9731385157100376,0.8593141079337191,0.9719620579237351
stepwise_masked,-1.0,overall_ssim,30,0,0.84866344173621,0.062239438440546795,0.855437011573777,0.8265462652116664,0.8704730094384436
stepwise_masked,-1.0,total_pose_diff,30,0,2.816049647632419,1.6886808332765977,2.771898624616428,2.2405853404536584,3.426496618851834
stepwise_masked,-0.75,skin_tone_change,30,0,-5.764354676277666,3.93599796260069,-6.00000001517801,-7.125558232024419,-4.386166432871791
stepwise_masked,-0.75,lightness_change,30,0,4.895590884523313,3.153087831816445,5.324673458554983,3.777388867724137,5.965154220439149
stepwise_masked,-0.75,face_similarity,30,0,0.9718956291675563,0.01678545727796401,0.9745436906814571,0.9658375623822207,0.9776177866756913
stepwise_masked,-0.75,landmark_rmse,0,30,,,,,
stepwise_masked,-0.75,lpips,30,0,0.14084141105413392,0.08047301783224092,0.1254270672798155,0.11312145543905561,0.16997101713282337
stepwise_masked,-0.75,background_ssim,30,0,0.9348092891098605,0.179462366481084,0.9790371409235925,0.8630703588840383,0.9754084823963856
stepwise_masked,-0.75,overall_ssim,30,0,0.8695472733970189,0.057796284189794045,0.8726802208541375,0.8490895956072214,0.8896719792856507
stepwise_masked,-0.75,total_pose_diff,30,0,2.5071926031537113,1.750812769717066,2.076536124945269,1.9229163945912011,3.1444785487800573
stepwise_masked,0.0,skin_tone_change,30,0,0.0,0.0,0.0,0.0,0.0
stepwise_masked,0.0,lightness_change,30,0,0.0,0.0,0.0,0.0,0.0
stepwise_masked,0.0,face_similarity,30,0,1.0000000317891435,6.208782891853626e-08,1.0,1.000000011920929,1.0000000516573588
stepwise_masked,0.0,landmark_rmse,0,30,,,,,
stepwise_masked,0.0,lpips,30,0,0.0,0.0,0.0,0.0,0.0
stepwise_masked,0.0,background_ssim,30,0,0.9666666666666667,0.18257418583505533,1.0,0.9,1.0
stepwise_masked,0.0,overall_ssim,30,0,1.0,0.0,1.0,1.0,1.0
stepwise_masked,0.0,total_pose_diff,30,0,0.0,0.0,0.0,0.0,0.0
stepwise_masked,0.375,skin_tone_change,30,0,5.026603672089962,2.7499446440125466,4.373780573118633,4.071966680731941,6.008269909216656
stepwise_masked,0.375,lightness_change,30,0,-4.624177819630089,2.16053132402041,-4.582990568449873,-5.399894925810121,-3.8626315483473115
stepwise_masked,0.375,face_similarity,30,0,0.9842903713385261,0.01360793512762916,0.988406658172607,0.9791154141227403,0.9885925928254921
stepwise_masked,0.375,landmark_rmse,0,30,,,,,
stepwise_masked,0.375,lpips,30,0,0.10023879883810823,0.09140599853128475,0.072386395186185,0.07087547799727509,0.1357315110997292
stepwise_masked,0.375,background_ssim,30,0,0.9389407388528654,0.1815501504541833,0.9829418045058566,0.8656394815014681,0.981197660320761
stepwise_masked,0.375,overall_ssim,30,0,0.8960577592078517,0.067059894735295,0.9066349550560711,0.8706522908344352,0.9181004694491998
stepwise_masked,0.375,total_pose_diff,30,0,2.7011209119850106,2.264173621229765,1.870704536541625,1.9600157417333657,3.5395821073398297
stepwise_masked,0.5,skin_tone_change,30,0,7.542888386832543,3.723863962934494,6.538326233194358,6.25971507683678,8.870376071317683
stepwise_masked,0.5,lightness_change,30,0,-6.5681070996172695,2.963514460937595,-6.429691935584053,-7.610331870331373,-5.53332592306614
stepwise_masked,0.5,face_similarity,30,0,0.9800920585791267,0.02044055462888848,0.9871212542057035,0.9720547208189962,0.9862928455571331
stepwise_masked,0.5,landmark_rmse,0,30,,,,,
stepwise_masked,0.5,lpips,30,0,0.1233129333704705,0.09832903937058061,0.09849733859300601,0.09110304191553292,0.16059291319145458
stepwise_masked,0.5,background_ssim,30,0,0.9358973698476115,0.18116253516623582,0.980562302240308,0.8626902353286124,0.9783480368407339
stepwise_masked,0.5,overall_ssim,30,0,0.8761944735897339,0.07180482260754054,0.8910935289364115,0.8496564401415083,0.9002630666149168
stepwise_masked,0.5,total_pose_diff,30,0,2.9983113740871534,2.3874233692021654,2.194800943434095,2.2238302827240153,3.882653167031321
stepwise_unmasked,-0.75,skin_tone_change,30,0,-8.612391608580088,3.825778567547301,-9.24397331374201,-9.927531229818593,-7.280951162388175
stepwise_unmasked,-0.75,lightness_change,30,0,5.5808453431165,3.00700953070119,6.016882688777244,4.5152307605646955,6.598562019284456
stepwise_unmasked,-0.75,face_similarity,30,0,0.963105632861455,0.022136706576374142,0.966845571994781,0.9552264372011023,0.9707516811788081
stepwise_unmasked,-0.75,landmark_rmse,0,30,,,,,
stepwise_unmasked,-0.75,lpips,30,0,0.19744559451937624,0.09299702348402,0.17975485324859553,0.16496327508240885,0.23038384400308085
stepwise_unmasked,-0.75,background_ssim,30,0,0.9274217994622752,0.178459927961665,0.96889914009705,0.8557518530227122,0.9683774287370184
stepwise_unmasked,-0.75,overall_ssim,30,0,0.8354834543163923,0.06130949394745215,0.839534804184035,0.8139650051442675,0.8569608291271079
stepwise_unmasked,-0.75,total_pose_diff,30,0,3.143952167794369,1.5588459145123623,3.080516939319207,2.618219325794167,3.7150811986817778
stepwise_unmasked,0.0,skin_tone_change,30,0,0.0,0.0,0.0,0.0,0.0
stepwise_unmasked,0.0,lightness_change,30,0,0.0,0.0,0.0,0.0,0.0
stepwise_unmasked,0.0,face_similarity,30,0,1.0000000317891435,6.208782891853626e-08,1.0,1.000000011920929,1.0000000516573588
stepwise_unmasked,0.0,landmark_rmse,0,30,,,,,
stepwise_unmasked,0.0,lpips,30,0,0.0,0.0,0.0,0.0,0.0
stepwise_unmasked,0.0,background_ssim,30,0,0.9666666666666667,0.18257418583505533,1.0,0.9,1.0
stepwise_unmasked,0.0,overall_ssim,30,0,1.0,0.0,1.0,1.0,1.0
stepwise_unmasked,0.0,total_pose_diff,30,0,0.0,0.0,0.0,0.0,0.0
stepwise_unmasked,0.5,skin_tone_change,30,0,10.32013176620861,4.1822782210800815,9.95978427960511,8.874093066275769,11.796853817382129
stepwise_unmasked,0.5,lightness_change,30,0,-8.509120959790453,3.1868016100882994,-8.580236419335293,-9.640346910567835,-7.4264580298031175
stepwise_unmasked,0.5,face_similarity,30,0,0.9725561181704201,0.020900153274893335,0.974504560232162,0.9646682922542094,0.979339694480101
stepwise_unmasked,0.5,landmark_rmse,0,30,,,,,
stepwise_unmasked,0.5,lpips,30,0,0.16171793031195753,0.10099921816292709,0.13875845074653553,0.12804067409907724,0.19969258038327042
stepwise_unmasked,0.5,background_ssim,30,0,0.9264306150750924,0.18032790007604657,0.9687560313053001,0.8532063059543114,0.9694823214627006
stepwise_unmasked,0.5,overall_ssim,30,0,0.843707756307342,0.06872114394342438,0.8585581161981546,0.818772182618712,0.866918497108712
stepwise_unmasked,0.5,total_pose_diff,30,0,3.191138613854343,2.72646417546728,2.1689722068885846,2.31907051529799,4.2128309420471455
