pair_count,resample,raw_cosine,masked_cosine,norm_agreement,left_to_full_cosine,right_to_full_cosine
8,0,0.46606653928756714,0.5803434252738953,0.9718203754696179,0.72503662109375,0.7484453916549683
8,1,0.41021132469177246,0.5127230882644653,0.9469007992555479,0.6650862693786621,0.6769994497299194
8,2,0.5098339319229126,0.5849095582962036,0.8554272650234699,0.7548264265060425,0.6844905018806458
8,3,0.38000646233558655,0.46147066354751587,0.9722965322112863,0.6509145498275757,0.6578081250190735
8,4,0.4132070541381836,0.5179525017738342,0.9747156271161689,0.6427392363548279,0.7728421688079834
8,5,0.4340808689594269,0.5551762580871582,0.9635241036636039,0.7291964292526245,0.69022136926651
8,6,0.44788283109664917,0.5021668672561646,0.9239056981403326,0.7420269846916199,0.6980977654457092
8,7,0.3967328369617462,0.5490987300872803,0.9862295922045176,0.6942722201347351,0.6659983396530151
8,8,0.44735264778137207,0.5530884861946106,0.7235620054475111,0.7208449840545654,0.704721987247467
8,9,0.49415770173072815,0.5608212947845459,0.9498848920223976,0.7292386293411255,0.6872722506523132
8,10,0.4656115472316742,0.535521388053894,0.8387126087856652,0.6670367121696472,0.7409695982933044
8,11,0.4449106454849243,0.546271800994873,0.9620027085747117,0.7272124290466309,0.6723111867904663
8,12,0.42241203784942627,0.5094990134239197,0.9631584057299377,0.6838603019714355,0.7386506795883179
8,13,0.4283507466316223,0.5435537695884705,0.9674999404565665,0.6760456562042236,0.7295007109642029
8,14,0.43235182762145996,0.5372685790061951,0.9659702265092304,0.7194201946258545,0.712901771068573
8,15,0.3584195375442505,0.47873392701148987,0.9622209752038384,0.6589137315750122,0.7229974269866943
8,16,0.4096018373966217,0.5154168009757996,0.9026372227474361,0.6451140642166138,0.753197431564331
8,17,0.4562394320964813,0.5518485307693481,0.9767897951015454,0.7086906433105469,0.7036944627761841
8,18,0.4242591857910156,0.5210517048835754,0.7912928601061142,0.7502760887145996,0.6961397528648376
8,19,0.29979509115219116,0.35464712977409363,0.8106640524010396,0.5966877341270447,0.6742271780967712
8,20,0.3735416829586029,0.4383300840854645,0.7929430657886116,0.673177182674408,0.6470906734466553
8,21,0.5037565231323242,0.6146992444992065,0.8943108622076638,0.7317755222320557,0.7450250387191772
8,22,0.4636994004249573,0.5940015912055969,0.9887820487648448,0.7355514764785767,0.7123790979385376
8,23,0.424821674823761,0.5258310437202454,0.7598310829102807,0.7723772525787354,0.6666408777236938
8,24,0.4885631501674652,0.6043885946273804,0.8708568341776751,0.7597471475601196,0.6870888471603394
8,25,0.47564995288848877,0.5894535183906555,0.9697750965873937,0.7324107885360718,0.7330732345581055
8,26,0.4635626971721649,0.5705820322036743,0.923808331587205,0.7226059436798096,0.6876229047775269
8,27,0.4957023859024048,0.5965112447738647,0.8738169496156809,0.684341549873352,0.7027479410171509
8,28,0.4125667214393616,0.5096659660339355,0.8348055735111494,0.6394289135932922,0.7133578062057495
8,29,0.4470030665397644,0.5428759455680847,0.8408337565778845,0.7206125855445862,0.6906604766845703
8,30,0.5047816038131714,0.6093704700469971,0.9238626126544759,0.7159116268157959,0.7541298270225525
8,31,0.40206006169319153,0.5414290428161621,0.9411246523050087,0.6925846338272095,0.6901484131813049
8,32,0.32976120710372925,0.4363550841808319,0.9352936727423707,0.7092361450195312,0.613379955291748
8,33,0.4694715142250061,0.5930728912353516,0.8415937041309804,0.7237855792045593,0.7228988409042358
8,34,0.47053056955337524,0.5878999829292297,0.9526329442787445,0.699837327003479,0.7357590198516846
8,35,0.4351847767829895,0.5452264547348022,0.9935242282464011,0.7686899900436401,0.6528200507164001
8,36,0.4351150095462799,0.5598849058151245,0.90101615226353,0.7134337425231934,0.7253231406211853
8,37,0.4735332131385803,0.5714356303215027,0.9588489260629146,0.7309843301773071,0.7300770282745361
8,38,0.3578646779060364,0.48272234201431274,0.9609434507689958,0.6218891143798828,0.7426019906997681
8,39,0.39776092767715454,0.4862302243709564,0.8922417664274438,0.7042322158813477,0.7199736833572388
8,40,0.35573631525039673,0.4787173867225647,0.989296330388592,0.6459633708000183,0.6972423791885376
8,41,0.44978246092796326,0.5492410063743591,0.806257337341939,0.6890783309936523,0.7462321519851685
8,42,0.3503988981246948,0.454406201839447,0.8678801533999887,0.7063879370689392,0.6811174154281616
8,43,0.38863205909729004,0.521068811416626,0.911975456247548,0.6988263726234436,0.6711286306381226
8,44,0.3988352417945862,0.4445836544036865,0.9667840623224864,0.6577584743499756,0.7432074546813965
8,45,0.5395239591598511,0.6385142803192139,0.9375817755806013,0.6885318756103516,0.7161145210266113
8,46,0.41005417704582214,0.5002205967903137,0.8257373906238538,0.7486683130264282,0.670203447341919
8,47,0.37227869033813477,0.5355249643325806,0.9802572679651387,0.6578388810157776,0.7218618392944336
8,48,0.44348108768463135,0.5172151327133179,0.8975335580779226,0.6761970520019531,0.7038918733596802
8,49,0.40459680557250977,0.5041664838790894,0.798078275697994,0.7922990322113037,0.6052727699279785
8,50,0.41901570558547974,0.5385882258415222,0.8468203972237743,0.7376242876052856,0.714837372303009
8,51,0.4378821849822998,0.5468102693557739,0.8210390059729035,0.6337155103683472,0.7713780403137207
8,52,0.5167460441589355,0.6187366247177124,0.9735589719879786,0.7535415887832642,0.728364109992981
8,53,0.38373327255249023,0.5072455406188965,0.8989399455740021,0.7253999710083008,0.663538932800293
8,54,0.4309995770454407,0.5292267799377441,0.9266698695262294,0.7374970316886902,0.6793990135192871
8,55,0.5069805979728699,0.609352707862854,0.9851819615504084,0.7118982672691345,0.778866171836853
8,56,0.30968940258026123,0.39636579155921936,0.883241049594163,0.6433415412902832,0.6787614226341248
8,57,0.32772791385650635,0.4192326068878174,0.9682555917928551,0.7161337733268738,0.5845097899436951
8,58,0.4285471439361572,0.5620307326316833,0.8514411299737719,0.6912492513656616,0.7026537656784058
8,59,0.47202855348587036,0.5847892761230469,0.968074979024999,0.7094871997833252,0.7678936719894409
8,60,0.4125349521636963,0.48339515924453735,0.8089665321080441,0.7508813142776489,0.6496359705924988
8,61,0.23658864200115204,0.37504780292510986,0.782425194747842,0.6094841361045837,0.6907984018325806
8,62,0.42363622784614563,0.5309156775474548,0.9800348215304742,0.6954196691513062,0.6767762899398804
8,63,0.3899855613708496,0.44441527128219604,0.8437746574556,0.6190272569656372,0.7638989686965942
8,64,0.5014983415603638,0.564927339553833,0.787047131239821,0.7421154379844666,0.6890444755554199
8,65,0.44348904490470886,0.5226470232009888,0.9942423050697703,0.7008931636810303,0.6834053993225098
8,66,0.5106334686279297,0.6157094240188599,0.9875312072424616,0.7234588265419006,0.7368659973144531
8,67,0.4606087803840637,0.605690062046051,0.8692618008309717,0.7210211753845215,0.6967080235481262
8,68,0.459039568901062,0.5307704210281372,0.979183701889373,0.751677393913269,0.7092080116271973
8,69,0.4622916281223297,0.5866625308990479,0.9209570369204135,0.7443264722824097,0.7273334264755249
8,70,0.47844311594963074,0.5590606331825256,0.8337488710087888,0.7771548628807068,0.6952598094940186
8,71,0.4020448923110962,0.4691745638847351,0.9995662947495324,0.6296176910400391,0.6815155744552612
8,72,0.3886929452419281,0.4963359832763672,0.9599389180659084,0.7241642475128174,0.6278685331344604
8,73,0.3597150444984436,0.4748969078063965,0.9147069356823047,0.6855101585388184,0.642926812171936
8,74,0.3994678854942322,0.44849926233291626,0.9099827548175367,0.6957063674926758,0.7330702543258667
8,75,0.35065871477127075,0.45502594113349915,0.8878316377256996,0.654775083065033,0.715872049331665
8,76,0.49079638719558716,0.594836413860321,0.9593163552390837,0.7337838411331177,0.7418506741523743
8,77,0.27824968099594116,0.3684777319431305,0.9446770055399596,0.6258542537689209,0.6595187783241272
8,78,0.396503210067749,0.5357851386070251,0.9053490081966503,0.7018252015113831,0.7072550058364868
8,79,0.276852548122406,0.42066240310668945,0.8105007591272435,0.6870921850204468,0.6573587656021118
8,80,0.373190313577652,0.471213161945343,0.8992768352560561,0.7011076211929321,0.6625767350196838
8,81,0.4018409252166748,0.509588897228241,0.9678570258780024,0.580793559551239,0.7817840576171875
8,82,0.41201865673065186,0.48773521184921265,0.984379346209761,0.7568670511245728,0.6789183616638184
8,83,0.4970385432243347,0.5810694694519043,0.9130246197778108,0.7011290192604065,0.7736502289772034
8,84,0.48538273572921753,0.588470995426178,0.9704246669477953,0.7580150961875916,0.6858938932418823
8,85,0.34654009342193604,0.4781224727630615,0.8257336156674774,0.648730993270874,0.7136225700378418
8,86,0.5112830996513367,0.6172578930854797,0.9426528115319168,0.7358160018920898,0.7635247707366943
8,87,0.2906396985054016,0.4088840186595917,0.962277203360227,0.6038703918457031,0.6160169243812561
8,88,0.3578375577926636,0.46484506130218506,0.9641818782113505,0.5777133703231812,0.7250320911407471
8,89,0.3652326762676239,0.49455004930496216,0.9313465076140448,0.608966588973999,0.7129231095314026
8,90,0.2653740346431732,0.4200659990310669,0.8511043405771234,0.6452210545539856,0.6610637903213501
8,91,0.48647353053092957,0.5947741270065308,0.8555925758948222,0.7661652565002441,0.6996878981590271
8,92,0.3694140315055847,0.48919159173965454,0.9385863286738714,0.6134438514709473,0.7579301595687866
8,93,0.27197787165641785,0.3443813920021057,0.9324640554184381,0.5860030055046082,0.6588146686553955
8,94,0.45136845111846924,0.5419267416000366,0.9670499543091565,0.6829792857170105,0.7375373244285583
8,95,0.4399626851081848,0.549325168132782,0.9089712833016604,0.6944125890731812,0.6947113275527954
8,96,0.3566848039627075,0.46930187940597534,0.9089853951898018,0.6615273952484131,0.7190948724746704
8,97,0.41410213708877563,0.5279554128646851,0.9461080431587084,0.7140281796455383,0.6888667941093445
8,98,0.4697924554347992,0.5761627554893494,0.9588915216009062,0.7376181483268738,0.6932909488677979
8,99,0.4924880564212799,0.5585141181945801,0.938837794850049,0.7219130396842957,0.7760311961174011
8,100,0.3380436301231384,0.40897849202156067,0.8754558126529459,0.6522313356399536,0.6980514526367188
8,101,0.43501725792884827,0.5340101718902588,0.8929185777217203,0.6438526511192322,0.7350213527679443
8,102,0.4682168662548065,0.6080852150917053,0.9008192058470147,0.7343610525131226,0.7337459921836853
8,103,0.490946501493454,0.6028338670730591,0.866933236451755,0.7173824906349182,0.6747097969055176
8,104,0.33806467056274414,0.49961429834365845,0.9025506571886986,0.6701405644416809,0.6916422843933105
8,105,0.47715896368026733,0.6084962487220764,0.9706111168063175,0.7080444097518921,0.7223714590072632
8,106,0.245327889919281,0.36530086398124695,0.962519116925386,0.6733570098876953,0.6695924997329712
8,107,0.43743932247161865,0.5138106942176819,0.9916113028503155,0.6744674444198608,0.6886810064315796
8,108,0.42908257246017456,0.5416080355644226,0.9468844112530573,0.7017966508865356,0.7200196385383606
8,109,0.535879373550415,0.6272460222244263,0.996034007601091,0.7582290172576904,0.7672477960586548
8,110,0.38301631808280945,0.5273780822753906,0.9999782761724559,0.6281300783157349,0.6943632364273071
8,111,0.36186420917510986,0.49580058455467224,0.9160008098459503,0.6516452431678772,0.6874626278877258
8,112,0.46580690145492554,0.5703387260437012,0.896073649688216,0.7470734715461731,0.7067874073982239
8,113,0.49859869480133057,0.5808137059211731,0.9551158360019126,0.7384339570999146,0.7583021521568298
8,114,0.39862245321273804,0.5282413363456726,0.9665371708252962,0.6609421968460083,0.7421122789382935
8,115,0.5793441534042358,0.6320376992225647,0.91537860752449,0.7526246309280396,0.7568423748016357
8,116,0.4313708543777466,0.5550855398178101,0.9939847652686966,0.7313834428787231,0.7196295261383057
8,117,0.3489674925804138,0.43893319368362427,0.837936402275167,0.535230278968811,0.7591460943222046
8,118,0.4671165347099304,0.5726173520088196,0.9027902092208598,0.7157433032989502,0.7104541063308716
8,119,0.5002678036689758,0.5947325229644775,0.9887900136994842,0.7143341898918152,0.7325408458709717
8,120,0.31737738847732544,0.41125351190567017,0.9919400699270227,0.6453213095664978,0.639101505279541
8,121,0.5255473852157593,0.6182752847671509,0.9281665193487866,0.7265552878379822,0.7488124370574951
8,122,0.5135377645492554,0.629828929901123,0.8905272857368448,0.737268328666687,0.7806131839752197
8,123,0.3703889846801758,0.46137088537216187,0.7991163526569132,0.6405243277549744,0.7138485908508301
8,124,0.3370969593524933,0.43840593099594116,0.9450261984974497,0.5332708954811096,0.7683022022247314
8,125,0.5175769329071045,0.6098288893699646,0.9591003079730603,0.7326803207397461,0.7282869219779968
8,126,0.45410630106925964,0.5211211442947388,0.943098845585836,0.735382080078125,0.6593331694602966
8,127,0.45638173818588257,0.5783766508102417,0.812483399450162,0.7128269076347351,0.727862536907196
8,128,0.21138820052146912,0.37792646884918213,0.7734500175308402,0.7132136821746826,0.6008196473121643
8,129,0.3671209514141083,0.48653078079223633,0.929290798550038,0.692467987537384,0.695132315158844
8,130,0.36870554089546204,0.4434385299682617,0.9522765720160131,0.6990501284599304,0.6488813161849976
8,131,0.4017994999885559,0.503777027130127,0.9940980908956741,0.6587988138198853,0.7207565307617188
8,132,0.4897744357585907,0.5806453824043274,0.7948064413190921,0.7483580708503723,0.6811162233352661
8,133,0.3595849275588989,0.4632759690284729,0.8820417440608279,0.6410980224609375,0.7456281185150146
8,134,0.5041980743408203,0.5974267721176147,0.8854346984836279,0.7165560722351074,0.7230604887008667
8,135,0.5263095498085022,0.6371057033538818,0.9408451213726139,0.771276593208313,0.7370601892471313
8,136,0.3874132037162781,0.48954081535339355,0.9987702326886037,0.7176945209503174,0.660524845123291
8,137,0.37262049317359924,0.4667356610298157,0.9933257795034564,0.6410551071166992,0.7523779273033142
8,138,0.3618958592414856,0.481247216463089,0.7204501018343847,0.7659371495246887,0.6106038689613342
8,139,0.46400487422943115,0.5713545083999634,0.9847589387405055,0.6856370568275452,0.7191574573516846
8,140,0.47558537125587463,0.6124659180641174,0.9813450461170142,0.7027829885482788,0.7420971989631653
8,141,0.4225517511367798,0.46273261308670044,0.9632793644268823,0.6677889823913574,0.733742356300354
8,142,0.3594452738761902,0.4817436635494232,0.9826647267360387,0.7282881736755371,0.5957058668136597
8,143,0.42063722014427185,0.5471222400665283,0.8626837759640099,0.7241187691688538,0.6465030312538147
8,144,0.42253774404525757,0.5607991218566895,0.9613093349106555,0.7447552680969238,0.7012808918952942
8,145,0.38961169123649597,0.5352128744125366,0.8528394593772387,0.6747843027114868,0.6899299621582031
8,146,0.2937185764312744,0.43456169962882996,0.9309724994489429,0.6506607532501221,0.7309157848358154
8,147,0.4536239206790924,0.5422847867012024,0.8623773663286944,0.7371289730072021,0.6871556043624878
8,148,0.35294562578201294,0.5307426452636719,0.7944657629202584,0.6463903784751892,0.6967060565948486
8,149,0.30882853269577026,0.39835572242736816,0.9938556119329036,0.6887267231941223,0.648676872253418
8,150,0.41403621435165405,0.5237081050872803,0.892646567360306,0.6589207649230957,0.7072374820709229
8,151,0.3015110194683075,0.45590925216674805,0.7561455418983003,0.6884013414382935,0.6390090584754944
8,152,0.38144651055336,0.5390084981918335,0.9259599275465702,0.6738240718841553,0.6653350591659546
8,153,0.430087149143219,0.5381861925125122,0.9346321341615926,0.6911196112632751,0.749548077583313
8,154,0.3900141417980194,0.4753378629684448,0.9964458635453742,0.7764051556587219,0.6049251556396484
8,155,0.3973141312599182,0.5152787566184998,0.9187941547759829,0.727725625038147,0.6901999711990356
8,156,0.528957724571228,0.6492637395858765,0.9712466304424529,0.7361890077590942,0.7725917100906372
8,157,0.4169258773326874,0.5070502161979675,0.9429241636486431,0.7392603754997253,0.671079158782959
8,158,0.4711684584617615,0.561263918876648,0.9229945936579252,0.6744197010993958,0.6679272055625916
8,159,0.4073450565338135,0.47996771335601807,0.939499746764836,0.7207276821136475,0.6886122226715088
8,160,0.49824216961860657,0.6245487332344055,0.9920786476554515,0.7768294215202332,0.7426918745040894
8,161,0.38335126638412476,0.4748108983039856,0.952549978871302,0.6260699033737183,0.6534934043884277
8,162,0.5239481329917908,0.615351676940918,0.9986860167709305,0.7128534317016602,0.7809129357337952
8,163,0.42434412240982056,0.5439823865890503,0.8310113741220942,0.6895201206207275,0.6975287199020386
8,164,0.3079061806201935,0.41693609952926636,0.8581892398544909,0.641687273979187,0.6406402587890625
8,165,0.3712491989135742,0.5037145614624023,0.9495642452554081,0.6765851974487305,0.6829022169113159
8,166,0.32951855659484863,0.402997761964798,0.8787222447448293,0.6129467487335205,0.6866528987884521
8,167,0.3088074326515198,0.37421005964279175,0.8935489641381402,0.7301462888717651,0.5076960325241089
8,168,0.3615080416202545,0.5053187012672424,0.7662588850188116,0.7450848817825317,0.6347140073776245
8,169,0.3932555913925171,0.5343631505966187,0.8193392360952321,0.7136919498443604,0.7097840905189514
8,170,0.3979385793209076,0.45017674565315247,0.9854651038672524,0.7364535331726074,0.6849188208580017
8,171,0.4738813042640686,0.5884040594100952,0.982544838669031,0.722374677658081,0.7273480296134949
8,172,0.33374276757240295,0.4767879843711853,0.8921301646783621,0.7382781505584717,0.6346992254257202
8,173,0.4988686442375183,0.6298953294754028,0.8698350616517128,0.7391594648361206,0.7293050289154053
8,174,0.4771464169025421,0.5980069637298584,0.9022978963713741,0.6986925601959229,0.7439218759536743
8,175,0.40935659408569336,0.5367381572723389,0.9140056827649271,0.7301352620124817,0.650251030921936
8,176,0.4218863844871521,0.5388897657394409,0.913723737297016,0.7245694398880005,0.635356068611145
8,177,0.30672889947891235,0.3871835470199585,0.7848395782216636,0.6907191872596741,0.6836719512939453
8,178,0.42537403106689453,0.554482102394104,0.9384269803379791,0.6768205165863037,0.7303367853164673
8,179,0.40165454149246216,0.4712625741958618,0.9556023276558702,0.724207878112793,0.7027164697647095
8,180,0.33503106236457825,0.4667477607727051,0.9796841347897072,0.6709127426147461,0.6201565265655518
8,181,0.44715815782546997,0.5386979579925537,0.9214700388925043,0.7239109873771667,0.6684093475341797
8,182,0.47663652896881104,0.5895168781280518,0.8575027980540705,0.7086801528930664,0.7283214926719666
8,183,0.44029223918914795,0.5539462566375732,0.9772612711489002,0.6830440163612366,0.7429537773132324
8,184,0.4576599597930908,0.5535700917243958,0.8894507050170795,0.7119802236557007,0.664186418056488
8,185,0.39798271656036377,0.5116035342216492,0.9433419722338325,0.641386091709137,0.7319483757019043
8,186,0.36377617716789246,0.48786354064941406,0.9259615370451695,0.7147977352142334,0.6537961959838867
8,187,0.43745920062065125,0.5100593566894531,0.9100875628655226,0.754281222820282,0.6222549676895142
8,188,0.36522528529167175,0.514728307723999,0.805634218015688,0.6879737377166748,0.7456998825073242
8,189,0.41633912920951843,0.5151905417442322,0.9381012801845584,0.6826550364494324,0.7350034713745117
8,190,0.33559030294418335,0.4434512257575989,0.9479946909852364,0.6746485233306885,0.6409777402877808
8,191,0.4264593720436096,0.535348117351532,0.8353413945954538,0.6534897089004517,0.7002860307693481
8,192,0.4067741930484772,0.5408949851989746,0.9700709837517268,0.7135619521141052,0.6703113913536072
8,193,0.28702181577682495,0.4024584889411926,0.8475293813438198,0.6192945241928101,0.5991959571838379
8,194,0.34920889139175415,0.4215143024921417,0.9418275220546399,0.6762534379959106,0.5993310809135437
8,195,0.3730061650276184,0.5050143003463745,0.8261973684007087,0.6181391477584839,0.7856711149215698
8,196,0.4284995198249817,0.5262547731399536,0.813648965066144,0.7872997522354126,0.6947462558746338
8,197,0.4748377203941345,0.5712358951568604,0.8178954166718958,0.6810164451599121,0.7537910342216492
8,198,0.36310306191444397,0.47216159105300903,0.9148487414563173,0.714614748954773,0.6923052668571472
8,199,0.4772694706916809,0.6100221872329712,0.9311815194113024,0.7146018743515015,0.7861873507499695
16,0,0.5678260326385498,0.7010244727134705,0.9125076199393797,0.8435375690460205,0.8181238174438477
16,1,0.5743249654769897,0.6880892515182495,0.8658318226234901,0.8345072269439697,0.841564953327179
16,2,0.628309428691864,0.7139093279838562,0.924427755375826,0.8364875316619873,0.8269079923629761
16,3,0.5624027848243713,0.6740585565567017,0.8987879585732355,0.8508343696594238,0.8080637454986572
16,4,0.5793925523757935,0.6751301288604736,0.9629402432154281,0.8097927570343018,0.8368907570838928
16,5,0.5850540399551392,0.6792662143707275,0.9995901899391283,0.8436930179595947,0.8270730376243591
16,6,0.655886173248291,0.7592618465423584,0.9029914936611257,0.8590741157531738,0.8628803491592407
16,7,0.630706250667572,0.7134678363800049,0.9847803868084436,0.8537306785583496,0.8492318391799927
16,8,0.5802105069160461,0.6959320306777954,0.905981814663442,0.7983699440956116,0.840731143951416
16,9,0.6060127019882202,0.6860408186912537,0.9840987666741788,0.8560503125190735,0.8275134563446045
16,10,0.6587321162223816,0.7434038519859314,0.8469212564363049,0.8637440204620361,0.8371124863624573
16,11,0.6289602518081665,0.7298136949539185,0.9368114788043473,0.864104151725769,0.8383463621139526
16,12,0.6024770736694336,0.6996777653694153,0.947814246539556,0.8333286643028259,0.8268632292747498
16,13,0.5690175890922546,0.6858003735542297,0.9127298321766187,0.8527429103851318,0.8113880157470703
16,14,0.5769463181495667,0.6979865431785583,0.999432364384784,0.8281681537628174,0.8442515134811401
16,15,0.6509888768196106,0.7360400557518005,0.9039084183159416,0.8363677263259888,0.8468236923217773
16,16,0.5601084232330322,0.6983510255813599,0.9238959554197791,0.8233077526092529,0.8292423486709595
16,17,0.585810124874115,0.6958340406417847,0.8488418155821214,0.8475738763809204,0.8302870392799377
16,18,0.596369743347168,0.6892352104187012,0.9809626737210694,0.8412120938301086,0.8297725915908813
16,19,0.628632128238678,0.7249111533164978,0.9660377001071402,0.8348582983016968,0.853559672832489
16,20,0.5347225069999695,0.6577255725860596,0.8091876115247305,0.785100519657135,0.8201874494552612
16,21,0.5428311824798584,0.667617917060852,0.9537361813252404,0.8130292892456055,0.8206742405891418
16,22,0.6662811040878296,0.7420402765274048,0.8736338866752578,0.8574296832084656,0.8733928203582764
16,23,0.6312697529792786,0.7078285217285156,0.845420922139897,0.8399291634559631,0.8613379597663879
16,24,0.656688928604126,0.7371963262557983,0.9713896925966509,0.8439765572547913,0.8602116107940674
16,25,0.5884093046188354,0.6866745948791504,0.9114266425887266,0.8309752941131592,0.8225294351577759
16,26,0.6014543771743774,0.695551872253418,0.8514954917550183,0.863072395324707,0.8034058809280396
16,27,0.6254334449768066,0.714240550994873,0.8339420094761052,0.8652018904685974,0.8154706954956055
16,28,0.5651370286941528,0.6618749499320984,0.958391695722679,0.8251742124557495,0.8300923705101013
16,29,0.615751326084137,0.7037049531936646,0.7737010072929346,0.8775989413261414,0.8044220209121704
16,30,0.5593459606170654,0.6777489185333252,0.9956624964373308,0.8094460368156433,0.8503011465072632
16,31,0.6057175993919373,0.7180336713790894,0.9166279661688015,0.8553987741470337,0.8066122531890869
16,32,0.5672232508659363,0.6421474814414978,0.9897855190550012,0.812067449092865,0.8445730805397034
16,33,0.6005839705467224,0.6971414685249329,0.8539869668902585,0.8252125978469849,0.8384225368499756
16,34,0.6599922776222229,0.7447872757911682,0.9539724022318065,0.8554831743240356,0.8617860078811646
16,35,0.5639008283615112,0.6537806987762451,0.8978852521455076,0.8224109411239624,0.7804286479949951
16,36,0.5011471509933472,0.6516469717025757,0.9387765805798918,0.8143070936203003,0.7978318929672241
16,37,0.5727813839912415,0.672443151473999,0.9371630900353005,0.8216438889503479,0.8378212451934814
16,38,0.5915685892105103,0.7062884569168091,0.9072357164941738,0.8464580178260803,0.8398181200027466
16,39,0.5730410218238831,0.6745288372039795,0.9098575322651312,0.8273435235023499,0.8150078058242798
16,40,0.4538334906101227,0.6254932880401611,0.8556431193461567,0.7817716598510742,0.795393705368042
16,41,0.5150002837181091,0.5956417322158813,0.9082763882934402,0.7392107844352722,0.8638158440589905
16,42,0.6654996871948242,0.7454475164413452,0.8648446411896085,0.8135843276977539,0.8474441766738892
16,43,0.5805397033691406,0.6759703159332275,0.8172447127208363,0.8188035488128662,0.8148427605628967
16,44,0.552611768245697,0.6765203475952148,0.980856160627885,0.8436328768730164,0.8221168518066406
16,45,0.5563368797302246,0.6858624219894409,0.8802263435460318,0.7997815608978271,0.8506470918655396
16,46,0.6025623679161072,0.6833332180976868,0.9991274697941676,0.8265827298164368,0.8310664892196655
16,47,0.5344630479812622,0.6848082542419434,0.8342646722974362,0.7763493657112122,0.8506881594657898
16,48,0.5972777605056763,0.6753955483436584,0.8633559849483193,0.8592326045036316,0.8041868805885315
16,49,0.5245789289474487,0.6104878783226013,0.9364958289525508,0.7870697975158691,0.8418347835540771
16,50,0.5920397043228149,0.7044578790664673,0.9417542456448735,0.8242084980010986,0.8538099527359009
16,51,0.5337167978286743,0.6359362006187439,0.8666405521025572,0.8517658114433289,0.7810628414154053
16,52,0.6584464311599731,0.7434796094894409,0.8817200372638002,0.8604487180709839,0.8413271307945251
16,53,0.5825093388557434,0.7017895579338074,0.9850267742856003,0.8313310146331787,0.8384009599685669
16,54,0.5370608568191528,0.6515164375305176,0.9664829741733838,0.8192601799964905,0.8171378374099731
16,55,0.632972002029419,0.7322502136230469,0.8880006630525912,0.8293761014938354,0.858513593673706
16,56,0.6293866038322449,0.7265839576721191,0.9905913886622186,0.869391679763794,0.82379150390625
16,57,0.5530480742454529,0.6705591678619385,0.9812556464360481,0.7994165420532227,0.8528498411178589
16,58,0.5962216258049011,0.6998990774154663,0.9192549785928519,0.823458194732666,0.8448464274406433
16,59,0.5593804121017456,0.677470862865448,0.9703425321312859,0.8154717683792114,0.8305439949035645
16,60,0.5781774520874023,0.6681374311447144,0.8838216216119636,0.8159831762313843,0.8582491278648376
16,61,0.5944728851318359,0.6879605054855347,0.9440851683936565,0.8298031091690063,0.8280261754989624
16,62,0.5339667797088623,0.6652195453643799,0.898182300125505,0.8355914354324341,0.7970138788223267
16,63,0.6742106080055237,0.7648975253105164,0.9635406242254537,0.8700695037841797,0.8573572635650635
16,64,0.553788423538208,0.6665564775466919,0.9523785277351785,0.8344213962554932,0.80521559715271
16,65,0.5783213376998901,0.6782160997390747,0.8975821366381981,0.7906666994094849,0.8572887182235718
16,66,0.6437274217605591,0.7256900072097778,0.9077420335921734,0.8477432727813721,0.8756204843521118
16,67,0.5780739784240723,0.6684334874153137,0.9203655711567412,0.8504762649536133,0.8058329820632935
16,68,0.6036948561668396,0.7038966417312622,0.8790643532360043,0.8401482105255127,0.8149768114089966
16,69,0.5876814126968384,0.7113658785820007,0.7702073952419461,0.8713134527206421,0.7982296943664551
16,70,0.6072278022766113,0.7042664289474487,0.9568378070840723,0.8226951360702515,0.8384153842926025
16,71,0.6202447414398193,0.7100326418876648,0.9247783806965065,0.8455919027328491,0.827153205871582
16,72,0.6221940517425537,0.7037961483001709,0.9772246679090287,0.829673171043396,0.7958911061286926
16,73,0.5464149117469788,0.6581014394760132,0.9820517363876468,0.8241806030273438,0.8165290355682373
16,74,0.5476186275482178,0.6702946424484253,0.8984378081408495,0.7977895736694336,0.8235493302345276
16,75,0.6835510730743408,0.7676909565925598,0.9367171091516852,0.8716671466827393,0.8575563430786133
16,76,0.6092391610145569,0.7212015390396118,0.9028408628626565,0.8558031320571899,0.8096377849578857
16,77,0.6093811988830566,0.706050455570221,0.9764525868766301,0.8416199684143066,0.8402788639068604
16,78,0.6172404289245605,0.6959787011146545,0.976681811682371,0.8000370264053345,0.8361195921897888
16,79,0.6017444133758545,0.7202390432357788,0.9850018934596275,0.8287351727485657,0.8344491124153137
16,80,0.5747699737548828,0.6933038234710693,0.9229143881090198,0.7920299768447876,0.843781054019928
16,81,0.5014646053314209,0.5962843894958496,0.917287074257464,0.769620418548584,0.8471141457557678
16,82,0.558917760848999,0.6763631105422974,0.8707500933118949,0.8648960590362549,0.784416675567627
16,83,0.6200947761535645,0.7297170162200928,0.9695210936447689,0.8517812490463257,0.8354376554489136
16,84,0.6323745250701904,0.7054365873336792,0.9263907218333162,0.8513932228088379,0.8469312787055969
16,85,0.523658037185669,0.6323503255844116,0.9724538759741242,0.8085315227508545,0.7766802310943604
16,86,0.5892720818519592,0.680518388748169,0.9314168470936779,0.8182754516601562,0.8414062261581421
16,87,0.5367653965950012,0.6466832756996155,0.9320403779346782,0.7917695045471191,0.8416157960891724
16,88,0.5917198657989502,0.7038867473602295,0.8311893351971563,0.8321448564529419,0.8158940076828003
16,89,0.5591837167739868,0.6682260036468506,0.8880818574659114,0.844792366027832,0.8088504076004028
16,90,0.6084831953048706,0.7317416071891785,0.863739817818938,0.8540513515472412,0.8364141583442688
16,91,0.5241054892539978,0.6253872513771057,0.7761510010227384,0.8052497506141663,0.800866425037384
16,92,0.5157822966575623,0.6454706192016602,0.854373560359884,0.8432533144950867,0.7774467468261719
16,93,0.5589510798454285,0.6694839596748352,0.9439136578136399,0.8309787511825562,0.7922558784484863
16,94,0.5343812108039856,0.6640061140060425,0.888841037388766,0.8136730194091797,0.8270237445831299
16,95,0.5286678075790405,0.6010448932647705,0.8989892358887506,0.8234685659408569,0.7817951440811157
16,96,0.5871841311454773,0.7124062776565552,0.9817668447357191,0.8374991416931152,0.8348996639251709
16,97,0.5610219240188599,0.684003472328186,0.9060176595125662,0.8129823207855225,0.8445025086402893
16,98,0.6092836856842041,0.7034441232681274,0.8800441764442465,0.8486752510070801,0.8177108764648438
16,99,0.5821621417999268,0.6927133798599243,0.945892166848984,0.8278028964996338,0.8268990516662598
16,100,0.6153550148010254,0.7118508815765381,0.7898065689793159,0.8555671572685242,0.8150461912155151
16,101,0.608311653137207,0.6887118220329285,0.9664215504802295,0.8512157201766968,0.8436674475669861
16,102,0.6238154172897339,0.7034645080566406,0.9880118531658212,0.8443958759307861,0.8439995646476746
16,103,0.6063295602798462,0.6867884993553162,0.9961192154618425,0.8379843235015869,0.838341236114502
16,104,0.49169424176216125,0.6133437156677246,0.9920165917189928,0.8040075302124023,0.8060425519943237
16,105,0.5392656326293945,0.642127275466919,0.974718785435727,0.8271435499191284,0.8001112341880798
16,106,0.6438862681388855,0.7523883581161499,0.9281847380478307,0.8649808168411255,0.8539402484893799
16,107,0.523361325263977,0.6162877082824707,0.9779018886977344,0.7993725538253784,0.8314082622528076
16,108,0.6122539043426514,0.7091079354286194,0.9980037809487836,0.8302139043807983,0.8270212411880493
16,109,0.5203768610954285,0.6020293235778809,0.8193447846144796,0.8260882496833801,0.7706924080848694
16,110,0.5304102301597595,0.6468586325645447,0.9768884821870767,0.8315697908401489,0.8157203197479248
16,111,0.5718809366226196,0.6905303001403809,0.8853015254403066,0.8205488920211792,0.8408402800559998
16,112,0.5608118176460266,0.6692119836807251,0.9125215013042038,0.8147222995758057,0.8465720415115356
16,113,0.5645157098770142,0.653099536895752,0.9079862302346876,0.805569052696228,0.8447773456573486
16,114,0.5422807931900024,0.6541801691055298,0.9485069138952598,0.8159319162368774,0.8234614133834839
16,115,0.5726270079612732,0.6899371147155762,0.9406901788460086,0.7936196327209473,0.8234972357749939
16,116,0.6141164302825928,0.730604887008667,0.8961710039736104,0.8520393371582031,0.8407252430915833
16,117,0.6402406692504883,0.7264490127563477,0.8787272038794972,0.8403574228286743,0.8605599999427795
16,118,0.5367101430892944,0.6566011905670166,0.9885170441910859,0.7991348505020142,0.823377251625061
16,119,0.5652813911437988,0.6723945736885071,0.9903183351707381,0.809662938117981,0.7848144769668579
16,120,0.5980583429336548,0.698943018913269,0.9939142538592955,0.8257396817207336,0.844597578048706
16,121,0.6106361150741577,0.7137202620506287,0.9790240867543487,0.8492547273635864,0.8463979363441467
16,122,0.6268312931060791,0.708429217338562,0.9582057931332892,0.8099167943000793,0.8767004013061523
16,123,0.6185920834541321,0.7137012481689453,0.9720791765864761,0.8500301241874695,0.8483138084411621
16,124,0.5471558570861816,0.6611936688423157,0.7917134162718842,0.7826905250549316,0.8726667761802673
16,125,0.6109774112701416,0.6826493740081787,0.994334050672245,0.8576115965843201,0.8094943761825562
16,126,0.6327463388442993,0.7266349196434021,0.8655665780137904,0.8865431547164917,0.8184109926223755
16,127,0.5968060493469238,0.6964054703712463,0.8947538256894129,0.8522230386734009,0.8149151802062988
16,128,0.5485689640045166,0.6430151462554932,0.9307726120252346,0.8082036972045898,0.8380295038223267
16,129,0.5856943130493164,0.6978836059570312,0.9958194168573367,0.8329051733016968,0.8292360305786133
16,130,0.6035153865814209,0.6758152842521667,0.9868134671639666,0.8478144407272339,0.807397723197937
16,131,0.635374128818512,0.7298668622970581,0.7559077781892285,0.7997194528579712,0.875196099281311
16,132,0.5834962129592896,0.6905432343482971,0.9342116613150503,0.84803307056427,0.8179372549057007
16,133,0.4452168643474579,0.5965981483459473,0.8112120183908411,0.7995666861534119,0.7548618912696838
16,134,0.5711419582366943,0.6776143908500671,0.9178289950407372,0.8537073731422424,0.8106640577316284
16,135,0.5428587794303894,0.6592016816139221,0.8910728932326754,0.767747700214386,0.8447824120521545
16,136,0.5886502861976624,0.6759337782859802,0.8780983752806836,0.8010765910148621,0.8598446846008301
16,137,0.6205452680587769,0.7293918132781982,0.9046000344306281,0.8509721755981445,0.8359585404396057
16,138,0.49595674872398376,0.6230045557022095,0.7975701733586126,0.8625032901763916,0.7495474815368652
16,139,0.5296078324317932,0.6582819223403931,0.9946772244171922,0.8177924156188965,0.8061879873275757
16,140,0.6173934936523438,0.7066454887390137,0.9765287936159214,0.843691349029541,0.8436633348464966
16,141,0.6025525331497192,0.6916131973266602,0.9220332206682204,0.8117640018463135,0.8167159557342529
16,142,0.5533862709999084,0.6901072859764099,0.9086707497328116,0.8264912366867065,0.8126929998397827
16,143,0.6013057827949524,0.6972039937973022,0.9109976139809817,0.8278595805168152,0.8274600505828857
16,144,0.6030696630477905,0.7115717530250549,0.923453312059666,0.8534558415412903,0.8381198644638062
16,145,0.5465254783630371,0.6452286243438721,0.9816605640578404,0.8016539812088013,0.8254312872886658
16,146,0.5156553983688354,0.6265006065368652,0.9683829549330656,0.824837327003479,0.7986466288566589
16,147,0.5751152038574219,0.6579171419143677,0.9384861330703597,0.7777217626571655,0.8650661110877991
16,148,0.6001858711242676,0.7251874208450317,0.6741250897203328,0.7926497459411621,0.8869445323944092
16,149,0.6406078338623047,0.7138758897781372,0.8503884864761835,0.8768031597137451,0.8274083733558655
16,150,0.5913214683532715,0.6952804327011108,0.9729679038214201,0.8073960542678833,0.8438435196876526
16,151,0.5842397809028625,0.6717569828033447,0.9760719638416052,0.8250732421875,0.8223881721496582
16,152,0.5641610622406006,0.6717708110809326,0.9250256561184895,0.8394352197647095,0.8082466125488281
16,153,0.6559607982635498,0.7567561864852905,0.9643151503087881,0.8509731292724609,0.8606309294700623
16,154,0.6509547829627991,0.7319474220275879,0.9828119084112829,0.857478141784668,0.8218066692352295
16,155,0.6006936430931091,0.6993280649185181,0.7736465129870144,0.7991535663604736,0.8754607439041138
16,156,0.5170383453369141,0.6355458498001099,0.844637661233957,0.7774029970169067,0.8537584543228149
16,157,0.5728855729103088,0.6627066731452942,0.7884972652820583,0.8451396226882935,0.8105353116989136
16,158,0.6157221794128418,0.7155212163925171,0.9617054253138467,0.8498892784118652,0.8354384899139404
16,159,0.6608976721763611,0.7380361557006836,0.8886031043706792,0.8702895641326904,0.828096866607666
16,160,0.4960586428642273,0.5869204998016357,0.7466649982622225,0.8394432067871094,0.7708717584609985
16,161,0.5708296895027161,0.6595735549926758,0.9270397619496084,0.8480463027954102,0.798602819442749
16,162,0.548285961151123,0.660042405128479,0.9253002105773588,0.814365029335022,0.8316076993942261
16,163,0.6161513328552246,0.7120317220687866,0.9321444165585475,0.8670552968978882,0.798599362373352
16,164,0.5178228616714478,0.6300550103187561,0.9996369545322201,0.7975596189498901,0.8406749963760376
16,165,0.5717575550079346,0.6831175088882446,0.8785658887322103,0.8116530179977417,0.8356056213378906
16,166,0.6083117723464966,0.7085269093513489,0.9096217554520974,0.8327891826629639,0.8448783755302429
16,167,0.6695429086685181,0.7459607124328613,0.9408049096990454,0.8285081386566162,0.8631066679954529
16,168,0.5078499913215637,0.6247373223304749,0.932928515983552,0.8170648813247681,0.8061485290527344
16,169,0.5892512798309326,0.696067214012146,0.9237747166487588,0.8436576724052429,0.8125157356262207
16,170,0.6579469442367554,0.7384600043296814,0.8840289283240839,0.8368263244628906,0.8667332530021667
16,171,0.6490120887756348,0.7267488241195679,0.9932198141789975,0.8440036773681641,0.8605408668518066
16,172,0.5865773558616638,0.6919496059417725,0.9889834776573699,0.8467379808425903,0.8432932496070862
16,173,0.5829718112945557,0.6786789894104004,0.8278700444146113,0.823143720626831,0.8675037622451782
16,174,0.5145400762557983,0.6162917017936707,0.8966093574046579,0.8649816513061523,0.7524851560592651
16,175,0.602103590965271,0.6951967477798462,0.9844092074700121,0.8440374135971069,0.8202175498008728
16,176,0.5871223211288452,0.6892099380493164,0.8198290460514913,0.797742486000061,0.8580681681632996
16,177,0.6110818386077881,0.7262393236160278,0.9421214877391354,0.8653684854507446,0.8210476636886597
16,178,0.6069084405899048,0.702602744102478,0.984137176089854,0.8519548773765564,0.8442331552505493
16,179,0.610163152217865,0.696846604347229,0.8683155221048707,0.8245663642883301,0.8643286228179932
16,180,0.6302489042282104,0.7309976816177368,0.999823217990826,0.8550277352333069,0.8502539396286011
16,181,0.5372707843780518,0.6565122008323669,0.8711804069593754,0.8036602735519409,0.823637843132019
16,182,0.5806601047515869,0.6723695993423462,0.9217817081987945,0.8181007504463196,0.8124926090240479
16,183,0.4894285798072815,0.5734798908233643,0.9252060995514314,0.8409485816955566,0.7241156101226807
16,184,0.6076392531394958,0.7212388515472412,0.8405342164125177,0.8259673118591309,0.8393270373344421
16,185,0.5637316107749939,0.6999407410621643,0.9132926372946166,0.8368393182754517,0.831139326095581
16,186,0.5981999635696411,0.7180436253547668,0.8941213310150763,0.8282246589660645,0.8364473581314087
16,187,0.5605520009994507,0.6724697351455688,0.9674060605892713,0.8310717344284058,0.8079793453216553
16,188,0.5867145657539368,0.6789005994796753,0.8380708420351675,0.7989580631256104,0.8608540296554565
16,189,0.547213077545166,0.6185468435287476,0.8113518796610386,0.7917842268943787,0.8312742710113525
16,190,0.6043576598167419,0.7003955841064453,0.9855241665300154,0.8175969123840332,0.8429583311080933
16,191,0.5681787729263306,0.6714394092559814,0.9730913814183317,0.8033449053764343,0.8372886180877686
16,192,0.48760294914245605,0.5583693981170654,0.8178545886001839,0.7559171915054321,0.8384557962417603
16,193,0.5901710987091064,0.7074415683746338,0.9362443552773952,0.8007863163948059,0.8500872850418091
16,194,0.5897965431213379,0.7081755995750427,0.8829182733756706,0.8366607427597046,0.8481487035751343
16,195,0.5872437953948975,0.7179850339889526,0.9752700420698591,0.83329176902771,0.8280053734779358
16,196,0.6163605451583862,0.7110468149185181,0.9288642094250296,0.8113669157028198,0.8559691905975342
16,197,0.6359249353408813,0.7287349104881287,0.9009221685398215,0.8540195226669312,0.8491897583007812
16,198,0.5892557501792908,0.7025071382522583,0.9848296775324714,0.7899966239929199,0.8447985053062439
16,199,0.5617944598197937,0.6722115278244019,0.9678163084030176,0.8421160578727722,0.8344837427139282
32,0,0.7347917556762695,0.8072771430015564,0.8737520061780318,0.9214280843734741,0.9406076669692993
32,1,0.7498683929443359,0.8240461945533752,0.9900933441317505,0.9360430240631104,0.9347119331359863
32,2,0.7595531940460205,0.8213506937026978,0.9920837461465013,0.9374536871910095,0.938472330570221
32,3,0.7278469800949097,0.8190317749977112,0.9701658180582119,0.9316749572753906,0.9272410869598389
32,4,0.747935950756073,0.8135513067245483,0.9681797450008254,0.9370244741439819,0.9326653480529785
32,5,0.7499963641166687,0.814936637878418,0.9013990518409083,0.9421622157096863,0.9283052682876587
32,6,0.7585722208023071,0.8170164823532104,0.8950441650415354,0.9303768277168274,0.9446334838867188
32,7,0.7450113892555237,0.8075135946273804,0.8105383713639427,0.9190620183944702,0.947605311870575
32,8,0.7603955268859863,0.8257519602775574,0.9079237951337417,0.9442014694213867,0.9318782091140747
32,9,0.6973801851272583,0.769852876663208,0.9141147553866075,0.9137102365493774,0.9284467101097107
32,10,0.7428653240203857,0.8239596486091614,0.8861660118948916,0.9249451160430908,0.9415645599365234
32,11,0.7436782717704773,0.8227526545524597,0.8346792013050137,0.945527195930481,0.9208056926727295
32,12,0.7656705379486084,0.8284751772880554,0.9434942739927957,0.94316565990448,0.9359151124954224
32,13,0.7339658737182617,0.8178573846817017,0.9093751415156871,0.924178957939148,0.9377375841140747
32,14,0.7337613105773926,0.8089810609817505,0.9345428989694536,0.9261451363563538,0.935819685459137
32,15,0.7546454668045044,0.8214113712310791,0.9462913896347189,0.932991087436676,0.9402192831039429
32,16,0.7463188767433167,0.8210075497627258,0.9343281312531697,0.9297435879707336,0.9389599561691284
32,17,0.7397420406341553,0.8185373544692993,0.9830536569085958,0.9314713478088379,0.9338559508323669
32,18,0.726173996925354,0.8099883794784546,0.8175614361030317,0.9430639743804932,0.9135023951530457
32,19,0.7555043697357178,0.8189805746078491,0.9500810448323089,0.9401815533638,0.9335015416145325
32,20,0.7578643560409546,0.833336353302002,0.926178792457952,0.9324702024459839,0.942367672920227
32,21,0.7377692461013794,0.8190898895263672,0.982413291451636,0.9333820939064026,0.930886447429657
32,22,0.7367022037506104,0.7931439280509949,0.9311008127066485,0.9368036985397339,0.9267235994338989
32,23,0.75908362865448,0.8313565254211426,0.9647569262278886,0.9355143308639526,0.9401220679283142
32,24,0.7473670244216919,0.8161762952804565,0.9310068725394356,0.9297960996627808,0.939452052116394
32,25,0.7460665106773376,0.8165377974510193,0.9046201167079477,0.9273884892463684,0.9409958124160767
32,26,0.7529306411743164,0.826134204864502,0.9813437567275672,0.9349489212036133,0.9374338388442993
32,27,0.6933338642120361,0.8005149364471436,0.9884268134832236,0.9191722869873047,0.921112060546875
32,28,0.7365256547927856,0.8261228203773499,0.9105164896172583,0.9250304698944092,0.9382717609405518
32,29,0.7787207961082458,0.8405443429946899,0.9979127300303354,0.9429364204406738,0.9431815147399902
32,30,0.7665269374847412,0.8312273621559143,0.9528090202181252,0.9427862167358398,0.9367831349372864
32,31,0.7655811905860901,0.8301520943641663,0.8970655367093839,0.932618260383606,0.9461532235145569
32,32,0.6997933387756348,0.78558349609375,0.8743568664708778,0.9324426651000977,0.9106228947639465
32,33,0.7515386343002319,0.8223344087600708,0.8596475218839303,0.9454624652862549,0.9254326820373535
32,34,0.7230689525604248,0.8051038980484009,0.9412834579936419,0.932632327079773,0.9236087799072266
32,35,0.7660009264945984,0.8394573926925659,0.9707054251536379,0.9415180683135986,0.9378165006637573
32,36,0.7652009725570679,0.8367146253585815,0.9991209099896726,0.9394131898880005,0.9395231008529663
32,37,0.7295973896980286,0.8225061893463135,0.9625747245197654,0.9271467924118042,0.9326913952827454
32,38,0.6820150017738342,0.7837627530097961,0.9460206366232378,0.9218065738677979,0.9121891260147095
32,39,0.7428905963897705,0.8163303136825562,0.84169338764191,0.9448347687721252,0.9211732149124146
32,40,0.7053295373916626,0.7829323410987854,0.9583285342193681,0.9267573952674866,0.9199671745300293
32,41,0.7378231287002563,0.8272050619125366,0.9039101469177675,0.9390712976455688,0.9248790144920349
32,42,0.7373954057693481,0.8192694187164307,0.8503771701860339,0.942965030670166,0.9201935529708862
32,43,0.736077070236206,0.817493200302124,0.9543541783951578,0.9349551200866699,0.9283392429351807
32,44,0.769240140914917,0.8341095447540283,0.8780329316319277,0.9323190450668335,0.9482486248016357
32,45,0.7112820744514465,0.7986849546432495,0.8650918151074192,0.9133171439170837,0.9358841180801392
32,46,0.7471100687980652,0.8153673410415649,0.9893411601342252,0.9353644847869873,0.9339148998260498
32,47,0.7717124223709106,0.8287292122840881,0.8819237902385785,0.9485678672790527,0.9333535432815552
32,48,0.7518222332000732,0.812743604183197,0.9800282530661377,0.9345570802688599,0.9372317790985107
32,49,0.7689604759216309,0.8296985626220703,0.8676693585587224,0.9488600492477417,0.9314597249031067
32,50,0.7380651235580444,0.8169339895248413,0.9866717239523253,0.9331585168838501,0.9312734007835388
32,51,0.7483130097389221,0.8194289803504944,0.8532126505556884,0.9451977014541626,0.92388516664505
32,52,0.6103547811508179,0.6947774887084961,0.8254344928196171,0.875585675239563,0.9170655012130737
32,53,0.708747148513794,0.802423357963562,0.960188758694179,0.9274904727935791,0.9210910797119141
32,54,0.7524518966674805,0.8257946968078613,0.8840509813891316,0.9276836514472961,0.9439544677734375
32,55,0.7379007339477539,0.8152528405189514,0.9118206231714239,0.9255423545837402,0.9385087490081787
32,56,0.7433177828788757,0.8190566897392273,0.9228266102992566,0.9390325546264648,0.9279994964599609
32,57,0.7377936840057373,0.8098441362380981,0.9545137718405972,0.9288351535797119,0.935381293296814
32,58,0.7545046806335449,0.8154629468917847,0.9366845611900974,0.9322632551193237,0.9408315420150757
32,59,0.7565392255783081,0.830683171749115,0.9527698886766174,0.9339809417724609,0.9402638673782349
32,60,0.7504440546035767,0.8200008869171143,0.9606791909450251,0.9381808638572693,0.9328314065933228
32,61,0.7641326785087585,0.8350642919540405,0.9490897743625983,0.9358612298965454,0.9424207210540771
32,62,0.7377755641937256,0.8110865950584412,0.9701488343848759,0.9342564344406128,0.9299942255020142
32,63,0.7600123882293701,0.8355869054794312,0.8264278121969568,0.9496579170227051,0.9253606796264648
32,64,0.7301392555236816,0.8044378161430359,0.8938535666623126,0.9379923939704895,0.9217344522476196
32,65,0.7209607362747192,0.8135582208633423,0.9041911155689406,0.934996485710144,0.9198644161224365
32,66,0.7315127849578857,0.8045015335083008,0.985104580906746,0.9293736219406128,0.9315388798713684
32,67,0.7677860260009766,0.8337864875793457,0.9872500188684556,0.9393608570098877,0.9409456253051758
32,68,0.7552969455718994,0.8289508819580078,0.9143729441723515,0.9308574795722961,0.9425392150878906
32,69,0.7850959300994873,0.8453985452651978,0.9944346149116509,0.9444296956062317,0.9450644850730896
32,70,0.6545241475105286,0.7497797012329102,0.9758398325169275,0.9118474721908569,0.907202959060669
32,71,0.7615281343460083,0.823294997215271,0.981106518632195,0.9396961331367493,0.9372729063034058
32,72,0.7406371235847473,0.8092188835144043,0.9691348847177229,0.9350703358650208,0.9307126998901367
32,73,0.7429012060165405,0.8152432441711426,0.8343190003896314,0.9453843832015991,0.9205235242843628
32,74,0.7534969449043274,0.8214088678359985,0.9166211706279399,0.9304983615875244,0.9419494867324829
32,75,0.7421877384185791,0.8057279586791992,0.8866945818430432,0.9413673877716064,0.9247828125953674
32,76,0.7809072136878967,0.8431699275970459,0.8691599157672376,0.9352304935455322,0.9514778852462769
32,77,0.7333192825317383,0.8085587024688721,0.9296417525597703,0.9256284236907959,0.9360722303390503
32,78,0.7103531956672668,0.7960115671157837,0.9127531480683768,0.9317367076873779,0.9174525737762451
32,79,0.7615301609039307,0.8291323184967041,0.9369271840401866,0.9342865347862244,0.9425603151321411
32,80,0.733797550201416,0.80752032995224,0.9420559579093309,0.9352753162384033,0.9267452955245972
32,81,0.7541777491569519,0.8160693645477295,0.8744588871078715,0.9274489283561707,0.9450230598449707
32,82,0.7464194893836975,0.8121258020401001,0.9005584307059383,0.927173376083374,0.9413691163063049
32,83,0.7563380002975464,0.8241164088249207,0.9440868395144919,0.9407917857170105,0.9333140254020691
32,84,0.7182378768920898,0.8004817962646484,0.974767082715881,0.9288163185119629,0.9249321222305298
32,85,0.7341973185539246,0.8029863834381104,0.9446499366587722,0.9351855516433716,0.9270614385604858
32,86,0.7727724313735962,0.836490273475647,0.8984152440631555,0.9477643370628357,0.934851884841919
32,87,0.7524750828742981,0.8169121742248535,0.8310208413212131,0.9233186841011047,0.9477074146270752
32,88,0.756811261177063,0.8318283557891846,0.981042415691888,0.9359855055809021,0.9384685158729553
32,89,0.7753466963768005,0.833370566368103,0.9140301156098372,0.9473981857299805,0.9366896152496338
32,90,0.761120617389679,0.8189927339553833,0.8991932995625618,0.9314477443695068,0.9449571371078491
32,91,0.7314485311508179,0.8113552927970886,0.9986746837170811,0.9305386543273926,0.9303473234176636
32,92,0.739851176738739,0.8017084002494812,0.9786750044889295,0.9311867952346802,0.9341928958892822
32,93,0.7106472253799438,0.7963038682937622,0.9385464915650845,0.9297171235084534,0.9197998046875
32,94,0.7245165109634399,0.8154485821723938,0.9381668489382246,0.9237711429595947,0.9332350492477417
32,95,0.7399221658706665,0.8093575239181519,0.9905405755615216,0.9333779811859131,0.9320529103279114
32,96,0.7526609897613525,0.8288368582725525,0.9693060613070992,0.9340500831604004,0.9381681680679321
32,97,0.688839316368103,0.7753044366836548,0.9764200641290445,0.9168911576271057,0.9209309816360474
32,98,0.7257882356643677,0.8088150024414062,0.8793588693241209,0.9191453456878662,0.9380885362625122
32,99,0.7706800103187561,0.8383055925369263,0.9670905570459745,0.9388693571090698,0.9429466724395752
32,100,0.7567819952964783,0.8203399181365967,0.9826237218146496,0.9360829591751099,0.9383573532104492
32,101,0.7537657618522644,0.8338389992713928,0.9640916073000816,0.9339946508407593,0.9388018250465393
32,102,0.7572021484375,0.8222578167915344,0.9156898496359182,0.9429110288619995,0.9315124750137329
32,103,0.7302666902542114,0.8121182918548584,0.9829733555823391,0.9313650131225586,0.9288750886917114
32,104,0.742606520652771,0.8125756978988647,0.9648342161344273,0.9358817338943481,0.9309465885162354
32,105,0.7546905875205994,0.8365287780761719,0.9258798322449434,0.9315308928489685,0.9416093230247498
32,106,0.7302300333976746,0.8174545764923096,0.860624091084524,0.9405673146247864,0.9188506007194519
32,107,0.7593390941619873,0.8343433737754822,0.9854326106329583,0.9388449192047119,0.9369621276855469
32,108,0.7304106950759888,0.8003849983215332,0.9557878623959662,0.9268512725830078,0.9334028363227844
32,109,0.7350305318832397,0.8209251761436462,0.9861765589345923,0.9323914647102356,0.9304115772247314
32,110,0.7394651174545288,0.8197116851806641,0.9551067008485148,0.9357649683952332,0.9293503761291504
32,111,0.7283634543418884,0.8097560405731201,0.9964251956710847,0.9298751354217529,0.9293518662452698
32,112,0.7634435296058655,0.824862003326416,0.9459496347948297,0.9354532957077026,0.9424502849578857
32,113,0.7328723669052124,0.8239427208900452,0.8776308417909898,0.9398694038391113,0.9211724996566772
32,114,0.7182657122612,0.7922343015670776,0.8580242002566097,0.9380582571029663,0.9148434400558472
32,115,0.7511065006256104,0.8203697800636292,0.9727250893395337,0.9375361204147339,0.9338585138320923
32,116,0.7151733040809631,0.7910653352737427,0.9068588522417877,0.9183661937713623,0.9333864450454712
32,117,0.719657301902771,0.7970367670059204,0.8544757675509397,0.9386606216430664,0.9149481058120728
32,118,0.7497369050979614,0.8196749687194824,0.9387194584275194,0.9310488104820251,0.9395055770874023
32,119,0.7510517835617065,0.8201282024383545,0.98965170969957,0.9350017309188843,0.9363855123519897
32,120,0.6960303783416748,0.7703620791435242,0.9753244640400139,0.922926127910614,0.9188028573989868
32,121,0.7483923435211182,0.8236474394798279,0.9776449272265761,0.9364969730377197,0.9334549903869629
32,122,0.7329927682876587,0.8193516731262207,0.9528336257062785,0.9273521304130554,0.9342799186706543
32,123,0.7709169983863831,0.8358678817749023,0.9656968515791862,0.9430936574935913,0.9388452768325806
32,124,0.7322372198104858,0.8119602203369141,0.9084939580474932,0.9373858571052551,0.923593282699585
32,125,0.748361349105835,0.83082515001297,0.9009672894401086,0.9418027997016907,0.9277845621109009
32,126,0.7608832120895386,0.827508807182312,0.9084859573185133,0.9442808628082275,0.932063102722168
32,127,0.7583203911781311,0.8229985237121582,0.9869948565331845,0.9384760856628418,0.9367891550064087
32,128,0.7543635964393616,0.8216856718063354,0.906370498543566,0.9299821853637695,0.9428610801696777
32,129,0.7545366287231445,0.8150975704193115,0.9270034279833166,0.9414952397346497,0.9315687417984009
32,130,0.7595667839050293,0.8285077810287476,0.9844600890094111,0.9369600415229797,0.9389673471450806
32,131,0.770648181438446,0.8419942259788513,0.9589336606188368,0.9383348822593689,0.9434447288513184
32,132,0.7514891624450684,0.8227956295013428,0.9324530887888233,0.9310903549194336,0.9403718709945679
32,133,0.7153860330581665,0.8058066368103027,0.9845958954103027,0.924919843673706,0.9273051619529724
32,134,0.7476406693458557,0.8092950582504272,0.9712382401087455,0.9327996969223022,0.9367386102676392
32,135,0.7698838114738464,0.8318113088607788,0.9890278218240239,0.9413862824440002,0.9400368928909302
32,136,0.6636048555374146,0.7597998380661011,0.875172734702115,0.9238947629928589,0.8993526101112366
32,137,0.745797336101532,0.8252856731414795,0.9710291056336068,0.9362753033638,0.93227618932724
32,138,0.748651385307312,0.8186889886856079,0.9878217469038474,0.9342278242111206,0.9358747005462646
32,139,0.7443255186080933,0.8209915161132812,0.9928595231963131,0.9334051609039307,0.934386134147644
32,140,0.7701517343521118,0.830864429473877,0.9313679073937592,0.9363670349121094,0.9450480937957764
32,141,0.7056646347045898,0.787483811378479,0.9893365806206845,0.924341082572937,0.9226326942443848
32,142,0.7654263973236084,0.8246999979019165,0.9450002191902731,0.935948371887207,0.9430080652236938
32,143,0.7458264827728271,0.8125982284545898,0.9915700818274584,0.9348726868629456,0.9337213039398193
32,144,0.7199310660362244,0.8152938485145569,0.858971518819584,0.9383594989776611,0.9154585003852844
32,145,0.751063346862793,0.8147944211959839,0.8872324045424487,0.9434075355529785,0.9275146722793579
32,146,0.7314152717590332,0.8012099266052246,0.9666188840692809,0.9279634356498718,0.9328631162643433
32,147,0.7819913625717163,0.8352127075195312,0.9958219900621843,0.9441671371459961,0.9436836838722229
32,148,0.7648814916610718,0.83278489112854,0.9850357859013494,0.940322995185852,0.9384362101554871
32,149,0.7709091305732727,0.8465833067893982,0.9475694837692682,0.9442187547683716,0.9376649260520935
32,150,0.739220380783081,0.8187128305435181,0.9251429541181698,0.9269869327545166,0.9378595352172852
32,151,0.741165041923523,0.8060704469680786,0.9981585898050039,0.9329221248626709,0.9331778883934021
32,152,0.7338091731071472,0.8177748918533325,0.9908414216302799,0.9304179549217224,0.9317331910133362
32,153,0.7640265226364136,0.8338194489479065,0.9783644003286699,0.9405219554901123,0.9377741813659668
32,154,0.7498998045921326,0.8157268762588501,0.9890092086821155,0.9346467852592468,0.9361242651939392
32,155,0.778355598449707,0.8395750522613525,0.9369068038469068,0.9390718340873718,0.9467279314994812
32,156,0.7593218088150024,0.8309434652328491,0.9400740315841177,0.9418041706085205,0.9338781833648682
32,157,0.7015591859817505,0.789557158946991,0.8532518370111501,0.934673547744751,0.9090671539306641
32,158,0.7485269904136658,0.8263615369796753,0.8921057569103846,0.9271355867385864,0.9424684047698975
32,159,0.7411268949508667,0.8271114230155945,0.9299538196201689,0.9279140830039978,0.9379829168319702
32,160,0.7637284994125366,0.8393279314041138,0.8947097973743562,0.9318927526473999,0.9458713531494141
32,161,0.7577325105667114,0.830592691898346,0.9940570040982841,0.9378631711006165,0.9370930194854736
32,162,0.7091141939163208,0.7952459454536438,0.8397370178417907,0.9101293087005615,0.9375229477882385
32,163,0.7370011210441589,0.8120836615562439,0.9152149031367399,0.938041090965271,0.9255499243736267
32,164,0.7165919542312622,0.8149049282073975,0.9992244822205336,0.9263833165168762,0.9265018701553345
32,165,0.7678086161613464,0.8295832872390747,0.8875521302636973,0.9472974538803101,0.9325881004333496
32,166,0.7555209398269653,0.8385390639305115,0.9724380371094459,0.9386990666389465,0.9350528717041016
32,167,0.7460665106773376,0.8146535158157349,0.9566480682782003,0.931318461894989,0.937339723110199
32,168,0.7608503103256226,0.8228095769882202,0.9657924531519089,0.9360728859901428,0.9405079483985901
32,169,0.7552951574325562,0.824717104434967,0.9413354737624537,0.9328224658966064,0.9407151937484741
32,170,0.7104362845420837,0.8001852035522461,0.9407393273397141,0.9294872283935547,0.9199269413948059
32,171,0.7641324996948242,0.8327605724334717,0.9849086910626471,0.9382254481315613,0.9401348829269409
32,172,0.7230832576751709,0.796993613243103,0.8950685708844194,0.9197064638137817,0.936221718788147
32,173,0.7574506998062134,0.8298336267471313,0.8143319644098244,0.9234970808029175,0.9499564170837402
32,174,0.7196823954582214,0.8020802736282349,0.9183667746772531,0.9207082986831665,0.9335705041885376
32,175,0.7366900444030762,0.8033417463302612,0.9677116764306154,0.9341496229171753,0.9295129776000977
32,176,0.7180696725845337,0.8110144734382629,0.9505439968981314,0.9306484460830688,0.9229363203048706
32,177,0.6921385526657104,0.7839326858520508,0.9257011206860694,0.9132398366928101,0.9261516332626343
32,178,0.7402133941650391,0.8181043863296509,0.9678346577009336,0.9305003881454468,0.9350525736808777
32,179,0.7381445169448853,0.8306034803390503,0.8788264943568129,0.9228935241699219,0.9410034418106079
32,180,0.7384093403816223,0.829266369342804,0.8148427701505714,0.9172802567481995,0.9458839893341064
32,181,0.7388543486595154,0.8139065504074097,0.9788346111532787,0.9339205026626587,0.9309249520301819
32,182,0.6711865663528442,0.7729038596153259,0.9064839278516362,0.9227116703987122,0.905071496963501
32,183,0.7448438405990601,0.8188223838806152,0.9605743261658806,0.9367542266845703,0.9312610626220703
32,184,0.7254830598831177,0.8091925382614136,0.8488253479515926,0.9162683486938477,0.9404219388961792
32,185,0.7490173578262329,0.8320368528366089,0.9975385520220801,0.9353169202804565,0.9349861145019531
32,186,0.7282188534736633,0.8153189420700073,0.8483261974308208,0.9170933961868286,0.9410727024078369
32,187,0.7173559069633484,0.7983924150466919,0.9771212122623467,0.9284032583236694,0.9248738288879395
32,188,0.7369128465652466,0.8146560192108154,0.96964547688463,0.929718017578125,0.9340686202049255
32,189,0.7583621144294739,0.8341084718704224,0.8634770394734078,0.9278643131256104,0.94673752784729
32,190,0.7525163888931274,0.8238744139671326,0.9691620854251556,0.9340003132820129,0.9381405115127563
32,191,0.7632994651794434,0.831430196762085,0.9970300246755479,0.9387744665145874,0.9391492605209351
32,192,0.7485657930374146,0.8166751265525818,0.8499221292255723,0.9236862659454346,0.9454913139343262
32,193,0.7512233257293701,0.816308856010437,0.931021660314214,0.9309084415435791,0.9404044151306152
32,194,0.7228584885597229,0.816918671131134,0.9864830052453794,0.9291446208953857,0.9271127581596375
32,195,0.7686501741409302,0.8307507634162903,0.9737589087516487,0.9420100450515747,0.9387393593788147
32,196,0.7465726137161255,0.8219889998435974,0.8948085730748945,0.9418150186538696,0.9267630577087402
32,197,0.7792572975158691,0.841939389705658,0.8049626929871635,0.9551541805267334,0.9298834800720215
32,198,0.7262460589408875,0.8046828508377075,0.9980258257342066,0.9291896224021912,0.9288984537124634
32,199,0.7478431463241577,0.8090894818305969,0.9771507445501064,0.936387300491333,0.9332700967788696
